compound_reference,compound_name,MDS_coord1,MDS_coord2,T_density,aSite_heterogeneity
ETHYLO,ethylene oxide hydrate,-0.22747559910067100,0.6489269985038000,65.53931090178590,0.3142468043066880
NAHCEF,methane clathrate,-0.0711664589232357,0.6619405319429560,67.89497604225960,0.22532060525632700
NAHDAC,methane-adamantane clathrate,-0.26495645209984400,0.6436201415694680,62.348361256730200,0.2623112559247140
NAHCOP,propane clathrate,-0.1758120000589520,0.6687146890285410,65.30153056042880,0.12814470552211400
KELKUH,Xe3.5(CCl4)8(D2O)136,-0.0010630478473742200,0.667739596928108,68.04743930035180,0.17005952014435300
NAHCIJ,acetylene clathrate,-0.10585324304189600,0.6706777332029300,67.26579845159540,0.25905502222259400
ICSD202310,hexafluorophosphoric acid hydrate,-0.6597403940390680,0.5988352661808190,58.04488985730110,0.48563542050843700
NAHCUV,methane-propane clathrate,-0.9768879129725790,0.25843337906953800,52.91912964049930,0.32142952906075900
